wallet_address,total_estimated_airdrop,current_points,initial_airdrop_amount
,0,100,0
0x39788Df02999c888911EC2DDa42Ff1c0070404F7,0,0,0
0x762086BF84528c74a5D8141DDf201AA73Fb911ee,0,0,0
0x954CB7c68C4F1427bFC8cb5b378bFBc04896D888,0,0,0
0x991d5D1384ed92aBb74e71A27076af79FF53C9C8,0,0,0
0xadD46811062682a0843FE7c83cdE7f94ba3E5897,0,0,0
1196760536865792001,928720.6872533086,100,0
1267754223661314048,928720.6872533086,100,0
12Y7qdTfWtCC7t87V6MjhTHCuT5CEpBwkY5WF5Je2qep,47481573.7,100,47481473.7
12heEFi1SUHbasz8pBSHbsaCuXwVrdsJaehUMamLVYA,928720.6872533086,100,0
1317527575653134336,928720.6872533086,100,0
137VRwiGhrov74PRBJAZyNWY1TPYPgTVPEmeVX6vz483,1903877.4088692826,205,0
1392834422597095425,928720.6872533086,100,0
1572877676750245889,928720.6872533086,100,0
1672513884207345664,928720.6872533086,100,0
1688013557928235008,928720.6872533086,100,0
1696179192088395776,928720.6872533086,100,0
1739258215802499072,928720.6872533086,100,0
1833156301259526144,928720.6872533086,100,0
1855924498114977793,928720.6872533086,100,0
1887678361297616896,928720.6872533086,100,0
23f5Hg3PVC4iSmawp6ULh8ipUZroKBqR9djq2hPDk2qR,1903877.4088692826,205,0
27vM2tSCwKszjESRn2dtSCNtc4dESyuQWWSJLPxWaczG,2275568.0907663214,355,0
2Ct4aUDSBYQYbyigzAbxahu1uxLwPBKqXkoMzzZxCiR5,928720.6872533086,100,0
2Dwh4KaXAsp1bxKRmVbBzjTzB49ciB7PYDnFByctPWQ5,2269748.409577699,355,0
2E2Eoc3ubjn2AZNKKYKrUKtdr5gK9Ugv8HFhntHPLfZt,1903877.4088692826,205,0
2EFZ8mH7sN632hFZFtRG7eaVJtxDZmhugS5QERa6vMRw,928720.6872533086,100,0
2GDckf3edfaCGrGw1y6nACowgeytUn1wkMshEm8rdxXQ,1939524.9753584943,305,0
2JD6PyYhUiPBE7EERmQQVpka7j2n7sEF1PmNdnmJfSv2,928720.6872533086,100,0
2KtB1mhJ7MppPYESULVMVoG1Saz5qYPPZVF21CgFv5eA,0,100,0
2L74rMPWoprM1tsEWHznUzbAovuDwtnWnLtyreGcBofr,1207336.893429301,130,0
2QHU55GNsZ1tWYVUPv4sRAo43oezujFN3gjnpBQeyikE,928720.6872533086,100,0
2R9pVfmBDUwREep3MjRAwVJ5NFq4A6ieDtabEfY8KTHY,12390423.9,255,12390168.9
2RMpWoZNmADBdvRqeksA2qaxVMzKAgS7bDUCyDRmjHXC,0,100,0
2SAwvKd28e87hKphqg1BdbUfike68ebXL4LwaHnQgxm2,1671697.2370559555,180,0
2SnHFJcyHZgbjqnP1ACr5wZ9kxobFcvHPw6y7t9MEfez,1903877.4088692826,205,0
2YQfKriEPuuqQjsQXFfsHutoaFzNqPPRqDpPxvkCyk24,0,100,0
2cp68k4Bqkdt52rVeAx1qk5xVYFG4scgdbV1rXSmKK5s,928720.6872533086,100,0
2fhYFZK5sk9fXPMdCh2HxRGX71gPySxQH6NW4jE3D8gc,69899353.88725331,100,68970633.2
2h8mTXHU4caeJEw6eq6SyAS9uVF4FEcF52K28AJQ27Hj,26230126.481713183,3555,4447705.6
2hDbXMUn4TrMrQNfd8rEeBSNcjDnLtgfDdU1HQwVH8XF,1903877.4088692826,205,0
2jLDxkK3ophYosLo1AMx88YhshHPXpZjLC1ZNMcfdvuR,1929097.75149426,305,0
2n1iq6Xbs1TAksiXSzrYRzp1N6gcABnMqeMgyEYgz4RS,1903877.4088692826,205,0
2oKY8LRj9GTiekDhUxbtADnS1MbEQQkd8PwbfjmSGJRB,13808517.804108877,2255,0
2s9wPGroeaU5SB9Dfwf6m4qQSKvzExfCNX9kWAhKfP1o,1938292.3961742555,305,0
2teeicaH1EEp4Y5873EkQRsWqhKtWRRVZq17aab1knTK,205,205,0
2vUTXNThFif4hB2iKrK1tsU3qaHQRQ7ExP4rAhQLLBVs,928720.6872533086,100,0
2weDREtk8PAJSqscbFK3j2fD6GR43hXnWqqt95E7kskA,1928487.8758180267,305,0
327EVXUkH6vdDqPzddhuFNyMNQvagMBbF8eanEs7CS1T,928720.6872533086,100,0
3403038946,928720.6872533086,100,0
35594432,928720.6872533086,100,0
3ExNQUz4Bgf4j4HKK7QxxAba9aAzdC3eoR1t4L735RUo,928720.6872533086,100,0
3J2GwDmHAxH8TyXVq4eHzv4gf23nGAnRsdZX1xj89AN8,1903877.4088692826,205,0
3LVS139ZZ64JWxvwUiWrxJugEJbdE6deHv4w1ZqkoKt6,928720.6872533086,100,0
3Z5b1zp3zrvrtnphR5iD1h9Yio7F77t3nXrX9ZFA9bkB,1930929.695166345,305,0
3f9Kjtj93A8kado1Hj7epwZhBeDZJNHvLtr4kpB5sxrR,1903877.4088692826,205,0
3h6hiC7c1kUMkTp6jUExmSmsWhVNZkHK5tA3zv9CfY5t,2368237.7524959366,255,0
3ieVA4zEwik9mbmLQ6ee29Twpp9gWcYWdkLE6gUWaSHf,928720.6872533086,100,0
3jhmLJ5VgkeYAmzxzzzTND66PZrKL2RScHYr2StgkwBh,503649812.94694686,10105,409802587.5
3k5UTQGqcSkmvTSqXAPM8cRy6n391dDwsbm4USgY5DEN,1476204.2296460317,230,0
3mEuZ6nPTie1h7xcCbfvFWbVjozXbeSZ21BhcKeX4Pwk,3296958.439749245,355,0
3vCJmSZewhDEPJQAtp7wjzdUuE3a2ezWHNvE4DtfHWGr,1439517.0652426283,155,0
3vTUzQm5FAY5umNjpRQZ4WP9PjEMK6vdYDpHcm1YfJh2,928720.6872533086,100,0
3w3Bv91saqXhcAnd4o27y5rLViTEW5hyXUvVbTwkzBuA,928720.6872533086,100,0
3wEijVSN93SKjmppftmMX3Kzs4C4sBSaLwKszebHPc7J,928720.6872533086,100,0
3xgwbBjTXBy6k6FMFGmEpmrF8kszqjpvMCukBcMgvba6,1207336.893429301,130,0
3z2Lh9CtT9Va6ZFJyEZC2kUabyX1woKr4skgBqaEohZs,205,205,0
3zSieYHp9dk2mvQ3KcmX28p15ohhjhF1NNtE2yJuaUAX,928720.6872533086,100,0
41YGV9c4riBpxh6y9KXrPjaKrsJR1ez3Vm3BY3eGEQxj,0,100,0
44hiTPJMb6eifT1BZeb6MmLPw1dAzpL87fMJ8o7rkK37,2136057.5806826097,230,0
46HPX51Wd74aemGmZYzjsi5NXfi2QWFNzZQTARAL66NP,928720.6872533086,100,0
46UP3xhB8s6wqU8K48MRpJ7rshd7hhEjLGdCuto4g9HL,0,100,0
47E2hBrgiyV4oL6X73suKMCCpYKbisQpFL7JVf1hSowi,1903877.4088692826,205,0
48fcHmrQsXz9FfRjuV1Eh2dHyvUE2ddSAYyJTmjueLfS,928720.6872533086,100,0
4CYvF3vTPsi3hmC5ypjmm6JuVPJXhAmFswQPiS9F8kZB,1393081.030879963,150,0
4D7Bw1vYiXBH7YzfqhT1cXhaBJbACJ1UZyPMhQy9SThh,1903877.4088692826,205,0
4ECFDBRAyRrEUZtoDDVD2sRjjg27WuDqkstXxDTon3UB,1903877.4088692826,205,0
4JLEvpwrcJx4r27J1o7w8qUAGWJpCC4aBDYD8PoMPJGa,2272654.524503057,355,0
4K5CrACmvA7spiV7pTR5Bt2r7Q3TRHPajmBXdpERXeKd,928720.6872533086,100,0
4L6NPsvR5LiSNqRnRX8aJ9UxMLbkH5bTu7QU7SJHPwgT,2109704.6413502106,305,0
4LNeXPh4qiY8a1fYAFndRvi6ddWaaoPpLnpPsZLhrsBp,2259635.275770981,355,0
4M7JYkBUh6oquoe3bNcbYnVF4C4pFWYggsgBSM9DcA7T,1903877.4088692826,205,0
4MCqK76awk8QeQiVVF2HYG2nhCsDGZyEfm1b8iSJr7hj,2264680.552454467,355,0
4RAzyqArz6abMJnEzrVReg5YbxFDYR61wZyXKvwf72U9,1903877.4088692826,205,0
4RimqMqEMZWiGsHNiSpQVCquHRwKjvraLiKdnty5zgC4,2368237.7524959366,255,0
4ShCER6eoW9nFXDbxPwTHPU9DpxXDSDiSU9mGn7oYrr8,928720.6872533086,100,0
4U4BKmg5yVYDLNPVDfrrUWADD5f4yRyydaavsGVVUiG9,1903877.4088692826,205,0
4WG1XUCw7NRFrXK4LDWnqzY5Fcsm6En991DhHLuLVCmY,1903877.4088692826,205,0
4WUnrdh3JScYGXH5UYWojfosysWbukPffgQ6BNrHgxrs,928720.6872533086,100,0
4ZqfdPgbDzfm54H6YXv6E9EvMMSEaKyV6JphQakDdPjx,928720.6872533086,100,0
4g3Vgwy2qhd2tEywz9WxnhPjc2A67s5V9UdCi2bNdtpQ,1903877.4088692826,205,0
4gd1fWnCdcaGHdEaWvAwCLzmx396HuLWKWUQPvvWGqtH,0,100,0
4iKFQ3Qq963Fwe7RJ4tbGsJVFwRtoWNPMWnFLt6pYgEe,2266126.2008873,355,0
4irUBc6mdxfP8zBbsPWbqLua9aV822kuKxpjwjRE6hmR,928720.6872533086,100,0
4iru4fWdfLGv8cbeQbhkfrvprRihnmUi4HBP472sdLnX,1903877.4088692826,205,0
4isSidqJQuaxJcTMLt7HK1hy9TKxU9mz1twhqTWuj6kX,150,150,0
4jnU5FUa53Nd5vo9cbe4a7EEyvjd8VJ1ZSBdepSbPu3j,2368237.7524959366,255,0
4kYdqRYWKHEJdJZdN85TT8CF27X9zTAHZJPxGcm2wtA3,0,100,0
4kb8SHXfS64HnZHCLhk36UdwDALSqUXpteLEqVQdSLhX,2274838.9990708404,355,0
4ozn4VjtXfBqVVvBfv2Eb4gKv5doGRa7WdZbNp6fbJY4,928720.6872533086,100,0
4pZmVTk484imo4jHHBfPrp2f2Gfk1YtightGVPCvXZJS,1860500.1745066172,200,3058.8
4r2jPTGxtAUvkBD4UbZtEbUMvNHcgSyosGKDGPNZeEWp,2265403.1460387353,355,0
4tjYQTA16fiSGrykKi4CRCThDRUNWJvRJjcDyh1qbpPV,1903877.4088692826,205,0
4xWLkXUBs4fLeJLo5DJNDpkmj2dKMSUfcdPC2SBsU3rr,1857441.3745066172,200,0
4zEXzTc8AmnpybtBzFJD57SnBYSYqXkHKTJosHi1NFFk,1559480.62514832,230,0
52U8TugtXsN9kUEDEEZ36zexkCU2UNSCgH5Z4tmbChjU,928720.6872533086,100,0
53dZuGoudUoo3sEcqVBWh2S96jBsC2JHKciGeqa6hfKJ,150,150,0
53ki7UhZ754XpBhQqE4SAoAxmRMNZJ45hBQKTAuH7Rh1,1712443.7579746156,255,0
55Cbpa5UMsaeQr8Tg4yetWys2oLrdRDEx5Y6cWRWg9y6,1903877.4088692826,205,0
56QCLEdJpvJFxLdma1ZUXGux6uqQoyXy6hy3wq2pE7Dy,928720.6872533086,100,0
5CP3mzUf7BUng4cvriy3uZJP91Dpy6hGBuqyPSebyip5,0,100,0
5MU1huUpZT5Liz3j5HDJy6Jkv51CYVZLcM4coKbygGyp,1671697.2370559555,180,0
5QAd1tmYpoiGJs5B5c5R12TgnH5qfaatFQ5qMsPXmeaR,205,205,0
5StmPmG1FYUbZ11LuGdidRFttuUZ3zpffgxD1NKTUGpV,205,205,0
5T1Yyz74MD33WDXssnFK2gZ8H4nJN9jAMhyE89Sexk5K,0,100,0
5Uj2fc5Bno36cf54uvm987kUbrM2gXYcjbDkgNBunpNT,928720.6872533086,100,0
5YmpQBEVcYyrAe3XK8e8pYQa3MX6wCFMbu3A2hsxEY33,0,100,0
5Yw4BUHL16fSjFvrb7HpEwRZrs3MtiUG3ex3BdP3bve9,205,205,0
5aKZN9oMKqzvCcesvBMRyLKcGw9d3A2UZUh7Hzj2thtG,205,205,0
5b7uKKt3rvtZUw4tcwVcR68JTLj9Tnw77iExhoQXJcBa,61144648.247039706,1200,50000000
5eTFB8gacx75oh4cEUwFveiKa78Ld3sHaMDH1awvybor,928720.6872533086,100,0
5fEjNHqcAFJPyffNT7YXehEs3yvaGZ7XJyZSc1xLcZRE,928720.6872533086,100,0
5gxzx86DD2pzsrso5NWRsJKqU2sjF9annpHFtCxF5wPE,197224835.2,125,197224710.2
5ky14yWk4AkGg3ZRsWteWav5mSX64JhC7X9TjkoakXMv,0,100,0
5tVNyZtSFPmFzYpdRrV6tpNVuFsT3B11o7yYH8FYBASu,2463439.68068261,230,327382.1
5yPNNe3QGLFUt6VJzcAWixC5D3fqaJgyhHSTtEYZYxtv,928720.6872533086,100,0
619GttXV2q7DRjMQaVU96ydTc6u2hNCsT4HXaerAkoMe,1683724.001320568,255,0
63Q4Hh63mBGvFPGL3RcVxXZJWq2zDFqHjDzJitEwixDU,1903877.4088692826,205,0
69P48PNbaqpE45bLWokxzHWeXGiWG7dU7wBTop76HqKM,2274110.374427469,355,0
6DJLqoW23mJ8ayL6MD4ThdSEM7R6DWaScsyVABu85DmL,46081710.92502902,1255,34426266.3
6QeaREJcvRJrUhRj1JL5pqTSz7UBKdPNJDYUSJogZTR2,205,205,0
6UnyGRYyp78KGAyggCxP6RKA5BDiBmzjNAGeX3rJgBWJ,255,255,0
6WvsLLdrymfWrKFqfH1F4wUn8EinTd6Zkob99BDtLu66,759640.9,100,759540.9
6cz8LN148WKcKwUjnTBmVxGRrVYmL5324p7akgW5khH8,2276297.6499631302,355,0
6eDEG1gvBd5CATscwjUirmW7Coqmp9UJopHMDq9HwwZb,205,205,0
6fiPz5LDuiaz2uC5fhcKMSbFJGFu1LRaqfXJ63mqFtBk,10000255,255,10000000
6huxk9VXrUcNFJeZxomuEuyPgiiyCjZGkNfozej3Ps58,1857441.3745066172,200,0
6kzhkJCE2Qmd8DCfQDSVHZxH6o1p9aKjWw2rRT86ANcg,0,100,0
6qUfVTCMyrsg3dbUbNSTBcvCwNHK17uyjqn7sAv7TmWS,1409419.0443451358,205,0
6sDzB3JHH7ZXhAEzpXupXVEyfaxcVbJ5ZQZDb6Gasifu,928720.6872533086,100,0
6t7teGo3cfZsv6CkBMtUYB9ugBGeMdhPJY6H7yjDAM14,1935217.7913137274,305,0
6v5yP1EwtK1gRQBqTk8DaryqGykB5RD1NVFvZj7HD9MW,1938908.4898763548,305,0
6zAyqrwZkC4d1yU85iSHPFW1CARNASW3jQeYSv9812m,2368237.7524959366,255,0
76oevT14PE6oaPKgktFj9BthRrnFTtciVc2dZppMu2zd,1857441.3745066172,200,0
77aXHY29GYN922nH8NwZnbUQFCmWC7SJStPb9Wo2Bjae,3296958.439749245,355,0
786270741251624960,928720.6872533086,100,0
7CLp2CK9h11ckMMNFBjJJRgZQRfLZ4Pxg2uVNx1TvuU3,2269023.041769199,355,0
7EfSq6Cv5CdnRtdSYDXsTwkKBNYEgm8f2CKD8AjrBCsv,1207336.893429301,130,0
7FBHcHzX8HxznsRkEF5eg2wDo9tqaDJ4U7hHTSip9wuM,0,100,0
7KKiy8kTzvYMQipN5Ln44hPArymBks62WnQ9WeE5qngz,205,205,0
7SXHHktJ2mpExh7sBue2tZabZG1jdCSN6LG78SpHQvVR,205,205,0
7TH3WeYVjK4m6XnqwK6mT3vGKdDb7bTad6x6QPaBSXDZ,928720.6872533086,100,0
7TaBHvMpNJqUzf3MEoGhWfrhBnnXFqJDcfP6Ji5t4NzU,1008720.0872533086,100,79999.4
7W6XuLX7vQ5cVjveLMprrR4XV4AHMDn4o2rbG3qGf2mL,928720.6872533086,100,0
7XMAXyPnLDRdFJx81UpFc23pqx8bJquombChabLfoY58,928720.6872533086,100,0
7ZCu6jAnwpf4TZyd9ypuYYTufPWoyz8c48FkwWHpnWyr,0,100,0
7aTaBpqiDm6svKoBb8XZPyTgrJFpgi6dWSFM28iyuVg5,1185155.0860083976,175,0
7agFfy6UttixU8iwA2NfbR5S8DhxsekU3ktEPgRcirrw,1903877.4088692826,205,0
7b7heoFL5r86pcCeyYxSig3QbyGXGYTvRoKLcMe8rxA5,928720.6872533086,100,0
7e8xcukLDm5KNJbdZEcPxCvqy5kuatDqVqVSbt51hngG,1903877.4088692826,205,0
7h6C72BA74Jv5kzxxnVsXfoJWW2Hd181hSWafKBRJ8NH,1903877.4088692826,205,0
7otNeqLG9vs5rZNuXJxBe8QGe4R73uEGzMYKVuDjkAgk,23656667.10886928,205,21752789.7
7prAuvCPcbdMoKuwAj69DbMVKcghBjrSiB7Q6RUfiDLK,0,100,0
7qmPSirR8zvQ7Dd6ZjPWt9bYL51bEa9aoXKh9oVov3as,1937676.6938788476,305,0
7xjSfK29x33CrMW4apFHHN1oRHkEXDTLd5p8QrkVGvZp,928720.6872533086,100,0
85gSxH2hdMRa8UovUvhoKNXVihTKqRt354SzbLDkq3yG,1207336.893429301,130,0
870689305789779968,928720.6872533086,100,0
88ZKgCU4iZ7WWWjbqcoTpAEZFqthrfiouPdnMTWeJkjT,0,100,0
89mGrpdK6wb32b1WMh4UhDGhANCWUYti712LQig2KGRb,1910979.8088692825,205,7102.4
8Djf3wfcS7gGr8aRorP9H31oKjDG15XBN3PA4ycwJjn8,1207336.893429301,130,0
8ES9M1g1rZ4J88ox2hdD2JiZHkjunEFp7gLurJwrBRJM,0,100,0
8FPRjnEoP9FoTNpJp3VZbGABFvp58MSyXedKEccMFh9S,928720.6872533086,100,0
8FTBme5JwZajCQeiNWUhqqngiT1f1Fq44hbBXxb4fdDT,3018342.233573253,325,0
8GhA951x4FNGiswGQ547AXD3kAdNzPn52Qd2uTo135h8,928720.6872533086,100,0
8H7FNs6YPijzFGZMgxqA9q9k5BzLxZz1cCF7QZGcS8La,0,100,0
8L3W66EExFa47hBhcMG24gwNxZtWifd9hyfxpt47XB2C,1903877.4088692826,205,0
8LM9a6D5D52to9vYgCBthC6yRtsqPDXmH3ywpRUDcSfA,1207336.893429301,130,0
8N6a3dJKxg23RfuZNBJoGaQ8gS3NBGNcb3cwzyy1zFqJ,29033219.48725331,100,28104498.8
8RKTqKpkjAYz9GRFAX1uuoby5NwALLvd6tkXfDkCYtCs,2261794.7819438693,355,0
8RPQ1CkzWiyMqYU7xgA31dgWXogecQPc9XrfjxvKob1F,1857441.3745066172,200,0
8YYYe1wLN5d9CzBLd25Z1Mvfmi8tjqQQDhKgV65T4ohG,1903877.4088692826,205,0
8ZXsJ7ViBpuGii9p64zBjtFT6G83CrKQwDvJYJrPuoGB,2539901.539619328,405,0
8bFx1oZYUyxEQfrUiwbwpMNCHT399ERZ9FRV3nZMHgvF,1932765.1215107252,305,0
8ikHJSMbJ4Ha6hZJDTcXoubqNBFbBBZXXCR1qiPuyGfN,2832598.0961225913,305,0
8o54Ga6QcVrwjXm2GG8ccujoSQtfi2uFzPi2dz5J3y7u,1931541.1164940945,305,0
8oZ7CYsHAEZ8Hni2GcYbgzyfPdkKX8MgH1nYGRhTYTBR,0,100,0
8seSUSavg7kZwbdvH5cWYXxTZLJXwxxAAUSDKmd1cSr7,1935831.9317063882,305,0
8xVEhMypgCRdYBqSewjJLVndKAPnJzLpiU16A1RuUkxZ,1160900.8590666356,125,0
8y7DKPq86CRujHHPsL1mnzNLVuyjXE122fw8T9yXCnRT,180,180,0
8yMhVDwdkwvG6d3KD6R3RhQJRZgBEovzwzHuPXtYS9V9,130,130,0
92MUibi14UfPMsU5bwV76EwDUPjyh85ByXN4N8Jrytu7,928720.6872533086,100,0
98yUvsWqbKDsGeps9gyDGJcngLvMYb2hWMAAvJ8ux4o,2553981.8899465986,275,0
9DdteJFRKRVpZpqiooeSyZdx1d6E5nCRWpmQYnhxpZGV,928720.6872533086,100,0
9G3mDm4icgPcZSqk97h3BSZjfApkMEWhMPMF9jMmMffs,1933990.6787990236,305,0
9KA1HkS4zrDKq4XvLGmH5RdvDuVvMDoR93oNmRp9x84U,0,100,0
9QN9K6FzgR4D7tzgacKFTURoMkgzDV4Ukuzevrbftp1J,205,205,0
9RA3RmzWgQb4apkCbEYYLhEdqNYmKYNX1c8RhVQDxWoV,928720.6872533086,100,0
9UJM4xhwVmD3voUXNkJfar5zR9mZ3jrBHpuowrcfGE6c,1857441.3745066172,200,0
9WVtJHVNGL2oVo7orvVd1n2pJjRxeA9F9FEfqjbfAvxM,2273382.216387564,355,0
9Zhf47geowdYMHBhMQ1R96ckz2473Cr4oAk1A99ThZkQ,928720.6872533086,100,0
9bXDRTfAEeZtS5KgcmmU3gJghDexhqQtskXV4be7CdXs,928720.6872533086,100,0
9byVqhcDQ6jfnavPu63A5w1fEde2JqrvGrd5Xb2bkiVU,1940141.8529944976,305,0
9cvVBvXGaYUZpVM6dTzYyxaxKwAhSoryEUq8iFs6NiQo,2266849.717441972,355,0
9eaBjLWb4L7YCk8om6FSdvyc9muG9gr4kHWZ2amhCgRi,0,100,0
9enKSJxY7SDj9ApNj5GEtXTQD8B84K6ZFRfbMUDJnNcs,22308210.306106336,1325,10002661.2
9hhkUsh9vkRhQXfWHkmV4Jn25wnBPDtJs8U5rAZvnXCA,225842572.47863942,2325,204249816.5
9iJ45DreNTDtru3uaBXFdyguSZ4vPCQQLXBaCWPAT9Be,8923654.316949151,730,2143993.3
9kZkoEoUijt378RPmMyjR3FBvuUX3M2UdE4YvaQgdQLw,205,205,0
9q9cHKhvBP1VYfNEozxUxhunz5KZ1r4R5kjJGQ6guMk5,0,100,0
9qVPMhnXVbr7TD1EoeKbutpm8AoNm7yBzB8JJZ7PYEPS,928720.6872533086,100,0
9qmoR3Dg2xDYZ9a8uZcmmUAtHGENGuFH5Qr2EdjRWiCE,928720.6872533086,100,0
9r6F7dhh4Cza29tvd6uznJ6PzPy6BrqaNCoJR3vQc43a,7556180.6941218795,1155,0
9rxhP8dzwGYXwncRFTDyAyjuxaGpRmJ3FtkBzdpH43AN,928720.6872533086,100,0
9sD5iQojWnLaDpZ2kDe4YPvMLRtjdQHGNnp9WU22NjGr,28100456.375033997,1355,18887783
9xUBdGMUpi8ZVfZtS1QuyFAR9GxALasFdG99L5XQrPra,2368237.7524959366,255,0
9y3Kz8KEPT5Gnu97MmZKuwKoY4sARh36FbuZQynwJX8t,0,100,0
A9KDw9CoJVLc1ajBBEZ5BVhVzCsL76a6sVNfy1dH36qC,1671697.2370559555,180,0
A9WJoGyKahsXiodaiaEW7QbzJ2BXyqPN2jgxeTzR35fU,5066697.970629209,505,376658.5
ABHVsoEg22fo69mxu12VAEseVdpfRR9uW9jyVoZ9v1di,3477256136.341537,17365,3315983789
AMU6JWsDf5xMzVvQ3ciwpsRMiEhqLySGRNmpLH7W2qGc,21924108.187253308,100,20995387.5
AQL8RqGeToV5FWJpXZGPfkKk8V4PtDjyDrboEPTfWpCj,928720.6872533086,100,0
AS6yB1sxDsaBEqwSfmjtYncT37bL7UeKh87aVUsuWaTo,11746479.432389133,805,4270277.9
ASySQaxiGpWbqMMzWiiQSPtopeWURomqf7xcp2b1efDU,1903877.4088692826,205,0
AUd5XEsCj5phtjz1XhmPPRB5gCbx1ow2wtLb8kCFB3Wc,1903877.4088692826,205,0
AVnyJLqyiA5KrvXTLoXmvq5sVHn3Z7PVfUh1ZKeQKc5N,1490963.3077566458,205,0
AZiVALv1VG4oEhX7Xyh4h9itnjQakZnT6kQA6gktcAsc,1903877.4088692826,205,0
AgFv61kSjHvFUGJ9KM2CZqoKGz3pus1cmBNoppeus2aR,0,100,0
AgYaTx9GQ6Afyzbucn9CKjxNiHVh8VSmRyf2vaSEzhCa,1936446.4620170787,305,0
AhjA5Lgx471nSgtbbuTts9htx9p8dSop6zr2kae4xJvN,928720.6872533086,100,0
AnY7kQsUaz256D2SpuK7tSM77dpEhtd54qvMi1PZcHc6,106311913.79392613,4155,80884295.3
AswTVe9Ztpuzg9ri2fwr6LbXC7GM4NLZ55XkZxZi91PR,928720.6872533086,100,0
AtkQKouqUsWASB8x3nfTVdGqiBNk925nDZfaEtrJzPgz,1903877.4088692826,205,0
AvGMCKnf8cBbVTcjAD1tuk2vsvCVG4dPXXH8mpmAEYFh,1857441.3745066172,200,0
Aw7outc1RvBGktXJJjgbKbizRhPFeXMkYsHw6D1XTJu6,2268298.1374396984,355,0
AwgVoyFwAwB8vH4KnsRCGdfuaCoVHmmrT7okuLJv38dT,13627765.708869284,205,11723888.3
B1BuP6JiZpQHJh5DkstACm6n9r7XegstuxJtFFkdPrqg,2341801.718133271,250,20000
B5SxJ6VwfeQN4U8U8jyKikoAvRgc2PQGpavL6w9hsCp1,1903877.4088692826,205,0
B6Enm1JEWS4nx6EZT7Jm2ougstDKUtc8Ym9t9h2qTWKF,0,0,0
B74xuM7MSszQZ3VKuqeWApoDhrPTD7J56mVEukSgwheU,1903877.4088692826,205,0
B8z9QMDD3abmYCa2M1gLUGCGj533ME4SPNd3bion4atk,1857441.3745066172,200,0
B9ufzCXYfWRPdxRztt8QEJGZpiRWG9dJZtNBtzxbUqFq,0,100,0
BAuUSLNh9CiDoJeyuBQcrgP3QjLdi7LQasnLR2yN6rEk,1903877.4088692826,205,0
BBZEnXskqQgQhV5NSCpEcJtLfRyyAsGZfiH4EGAVbXZe,1903877.4088692826,205,0
BCYZvRBUhfUhL356b5WATcqUGatTeE9f2PK52h2KLPgK,2832598.0961225913,305,0
BCg7jzJS2uXBXZDZrsNGr8JE6818sgd5Y4KKKPL28uR9,1857441.3745066172,200,0
BEx9hMHnKAqAUEBzUwh9mznBhB3KZcHMe4i3F9eYqVx6,7701512.687551779,1255,0
BFBhDa6sKYD3rKwCokzAL5DAcm1nesXz4GAUVy2ENQCr,1160900.8590666356,125,0
BFMDqovNrHQsifP4kK1yjHCdNkXpjrwwAVNoN1McsTsL,1857441.3745066172,200,0
BGjd3Kuugr8T157PQuEcqbqyeXZn7ADoJUWHR8TnDMLk,0,100,0
BHXRs6oTRkHzLMxyEmkBPdPH4cbvADCf3BqJX5o6rB1m,1903877.4088692826,205,0
BPyBPDZzXs6dJnkhB7TSLbJbwE1KefipiJMEpWR6ufwZ,928720.6872533086,100,0
BT8BWuvwsPSRGZbyp3xfrEDUJ9XtShof3rvbSo6w9UP9,0,100,0
BYFf8PnHkfh2kJMcZ18P7bcxQ4pxcfysZNHj5C6XZSMH,1857441.3745066172,200,0
BcGa6ivGM6dYU7evJRUBt88yVMPH8dUZ17dUpCFU97MB,1903877.4088692826,205,0
BhEEvtHUv45yPMpKayrs67FPhDXT9cGmserXozcFHVAk,1857441.3745066172,200,0
BkhcFULEB6bBYqmXDn7zEb1AUdK8AAnL3uJHEiGWXvdT,3579570.1370559554,180,1907872.9
BoRmdDF4VEWQDiWEUoAimdo6373xFX8WokP6BCfLWR8d,1903877.4088692826,205,0
BpM8FQEstGQeqNFH2vUawXmAcWAQ632dE83RPY6YpkYf,1903877.4088692826,205,0
Bq7y9WCr9tQZ4qrVrJCdFjVSU79WRquBYn7bvJ75L5td,2270474.2413098398,355,0
BqgtAD9P8gy9j7yvGUMnneEd6HQmYofUe2BCZL2ny5XB,1903877.4088692826,205,0
Br7LkF7eSSzbrHkk5YpNSqzE1BXn5MoDMYvgY8MudVcZ,928720.6872533086,100,0
BrGcSRLWCc1B8HB4FWYDGR3SeyGGKCYfWtcAeCerrNQY,1857441.3745066172,200,0
BsuexNy95YT5aQRSTamYWTgRG8Wx7RX5hpUN3DN7KKJL,0,100,0
C4pfVBWLX2vDT1D3AfVigs1RT6mP8CKtV5bGPhbdqTvs,205,205,0
C97gih5febjkzRS1TMUc1HgK7JjQM8ixYHvEGCcYpd4L,1933377.7059364205,305,0
CBbiN9DsEN8NmpuFGPbv6TPpALP4XB2tDJXgTYSHqVA7,1393081.030879963,150,0
CEUK5dw3gkkvTQmxVppKpm8gE6pX6xijGupWfxojnSLf,0,100,0
CJqfUCx8jvQ1DCvEMpaZVayrW5XhwAsp73mXXmJ6ia4J,3302120.939749245,355,5162.5
CKb2oZ7D3DMgxmcSfHrWR4Q2PKLHdHxas4ciyFb25Uax,928720.6872533086,100,0
CKvEtFpkhuyJ7TxPybJkJTTC4KdQDMMxm8CqPF7Ha21T,1393081.030879963,150,0
CNPGJNXiq66RrhVuTwoR1D56jRmoo5UkoEMkYMDGBRQG,928720.6872533086,100,0
CZ74crxFcVeAQaJ7WbZrvneRnE35TD2xwwfXVhcbyp3M,0,100,0
CaEogToeKZDDtVGV851KARvf329rxgJJaYjiNkXqpuAW,928720.6872533086,100,0
CbkVqFQG948aQzAGaRNwCdKRpyxJ1oKPKEnbUAT9YK48,1903877.4088692826,205,0
CdqHYRagoYD7Kg1ExdWM57vxdPGKxrZwDPrnoeDKiga2,9244021.360575806,780,2000000
CkBeBEB29vdq4ev2E4MFa7NLwdrp2Y65nNae2UbvbrZF,928720.6872533086,100,0
Cr3B7NGuRqKpxsicfxHJ11kMASSXDWv1TwateM5BWD7W,0,100,0
CvzyC8PVy4qbSYdEi9m8t8hj61dm17yatAgBMtdk7awt,1934604.0404681107,305,0
CzqBePBRwSBsVUySNgVb4qmg2R7tiuVhqwK9MYbi3Zmh,1857441.3745066172,200,0
D5RpnfFmQpBG39J1XkYTKgvrJfCoTQeArcwGFtYoF5Ye,1903877.4088692826,205,0
D9CkGNrne8wdVdfux2cxiGhTgPAdq9gvjaqzwcPvTZbr,928720.6872533086,100,0
DCsDuJTdCyuVXeGpA1gCpzYyU8fbM25bN9RaAdvFD7o4,928720.6872533086,100,0
DFzbXQqJycfAUVHgFe9pwBsg7YHYbE3SATB4P91A68NB,1903877.4088692826,205,0
DMaR8g9kNkLJF7apvdYiVS4g8vAoVXy81kCEGkb2P3eX,1903877.4088692826,205,0
DUb4SMkgJRs2cDCVZDzVG3o8YYCimPh3NVfBVhZLUuFJ,13192127.574913532,2155,0
DVYzEbSiMNsY6KRyYSUbq8n1LHw6r2QA2z1zy7jguXYW,1671697.2370559555,180,0
DeN2UAqvTLc8Vb7N22Yh9pGTtcQpPVyKrg63GdgnsSuz,48941283.71314123,6150,11316249.3
Doa4uQqpWuWgWmha2C6rgdJML3iFbALcGnDd3LweRTZV,57176624.70886928,205,55272747.3
DtdspZuJ6JQayoBn7FZDV7CCeTFs6x4c7M224B7Az3od,1160900.8590666356,125,0
E3fVL2g6z5F8XMFPx2ByAg2VRyn84x4Fj1ddXFTWPsrK,2271927.298326453,355,0
E8rVxmmF1VGG8XUUx1pKCtiEakKeUVtxHnzsrYHhoLcp,47364755.04991873,5100,0
EBFBigFZ86zXWurHH59wx9MmUQBU4Bkz2C4gHQ4XRLPF,59175122.108869284,205,57271244.7
EDD6ZjtwkwANTaQavKhqTyPmSyR8qL8ZgSxWveHTPYXK,1930318.6608018733,305,0
EDhkRx28JTQn8EoH3MmkFi6hGUNg5Xew7akc9XNcv8rx,4088823.2490132344,400,373940.5
EDj4dRR2k4ia6BErEDdv5BzgBoEdNtD2raSfzMtVGVZS,1684280.0528401586,255,0
EF87curTeNN7DKR55L8xENpm5Cqr5q4aaEtUmWNJQiJU,33836940.5,255,33836685.5
EHySvFkMs1cPAEKxrFmAcztpJGaAeiAhW6NDZejFwaL4,2136057.5806826097,230,0
EKnHbv7NEeKgsUwC1QjYrZ8LFgPmv3mXqZ75LyJPgdCJ,1857441.3745066172,200,0
EKpTMSAsnGCtuYCUgSS8XvEo2ULampE6dSBxFcb97PDC,2271200.537410831,355,0
ELkeniAcCKtdUxD3nNwHsKqCkvdCf8ays7igUcY8diSU,1393081.030879963,150,0
EUhELC7pCv6DD1kegfr2XurmoNwUsQoAXzN7GLKmbbbs,928720.6872533086,100,0
EXMubypMpcwVaKc9bJbuuHKxjybFwdJU7KKmgbW3qsmo,1903877.4088692826,205,0
EXeyBCzNXVdwpJQPB5yYMPR7BnfR9L2TaGyFHFvriCcP,2438605.529795638,355,0
EcsqepKipbUFbzpXQa1hf4vw4eSjy7zVbGy3mWLcdCvv,1903877.4088692826,205,0
Ei5YsU94vNEagGk2rNSYPzmisgyaVVXr6UfSrJHvQygq,928720.6872533086,100,0
Ej4CdvAuqBXAcgFw5Xai67K5r25jpsmL8fVgacdpXYA4,928720.6872533086,100,0
EjH6vgBRrpdCQFSASgvveqn6ta2RRv1AvLZY6JeFfg5z,205,205,0
Ekx3VSLuaz3uhcH1BhCTMnrpRfnwwxmHUJRZGog8fRgS,1903877.4088692826,205,0
En59uQc2dBLNtSMJmPFVP9MqmghBFe4Ri6SbPevhopER,205,205,0
EnqS7HHdoLtKkNCHDdhpEgzyCC6Dqvn28GGow8xL1QnX,928720.6872533086,100,0
EpTNXFPWReLRVdP2hs7XbK16HuwvVEuUD4yWcpKP3CwZ,1857441.3745066172,200,0
F18gmevs2xZMoyz5JeHZ3VbX2ZBRaq36CkePzguVJbZE,1903877.4088692826,205,0
F27sEmBkM3mJBvgA8TfX5JVf9MZWNSChW9w9DVMHkLdK,1932152.92515283,305,0
F4ZaZGPdEMKJA14V6agGtPaXec4RmtVUgBXJZvr8yXJa,5212274.6872533085,100,4283554
FAY78xsdDimD56BQRZJMZ3mfKxPRovHgJRuLgigdUcy1,928720.6872533086,100,0
FBfgKqtunwAWyoRG1nRPecpmbPySNb9nEWfAVxsum6St,928720.6872533086,100,0
FCw4u8E9LzCQamiVTexW9EK8wHmFW8L7ne3GGqbmNhia,928720.6872533086,100,0
FGi8z9CRL9XULHsaG3RBgcG2UtidRvWAWhNoSrgFg7Fe,1903877.4088692826,205,0
FPjSoauAXtMmqNYw432n5wcWCkws32V1yDkefntFzxGa,928720.6872533086,100,0
FSJ9qvJAWgF689Fk3DJEE6HnnQg434TcwB7adzxxoqKE,2527222.239555708,405,0
FTjsSo9TbnzroUgiHTbhp6c8yMjPUeJ4a9DEGNTAy7D9,2832598.0961225913,305,0
FTmUHnkoHGnATHzT2MiHYtyDdw6bQGfBDYx4meXSax7E,1903877.4088692826,205,0
FVdZx3SqPtRNNZwPgo6tvt1YHRfizwFj3yrP21Mkuuyw,1903877.4088692826,205,0
FWTZM3NgjdQDpMohot4zZjksFBqrVu83bvTmG5jjFNvR,9346348.210773159,700,2845303.4
FbsbEa63z8dQVKMZ2vqRVVNKcWS6Sdihapbj9v7EEtKY,1903877.4088692826,205,0
Fcrcy4SQAcUqmf6kLFzTsvxY78fjDZGFFM7YVASQkQL8,1903877.4088692826,205,0
FirmvdVkoXLq94zbux5Hnme5c42jc8otfPmrqKPXdzSs,2262515.5348777925,355,0
Fj6cFYanakSvACJ133JKngB77Po8Jasqur9eAdg6QE2n,0,100,0
FjCCigNcqzFoQRaQnpAtGorSM2XXQwZ8t4AbL1raahuW,928720.6872533086,100,0
FpXYbo3F4BDBgabRqZTgTKAemgjGK5tt58MxQaGdHdvt,0,100,0
FqY2rDWmtYEptQuu4oPpBLqyoge3e3jBNSW35NWkLEQP,928720.6872533086,100,0
Fs8twZyj5DJ7wn8sNXJUuSw8veieyax6ma7X6P8WyYYb,3558714.6500763204,255,1828786.9
FtRvkMkhygnsU8hGPgqrkFTx6dVkoeXQK8TJCCMJWdTz,0,100,0
FtupAD5duH8Hmys5uoXSQBZ6jBoYJG8f5GBCysYvwz8N,928720.6872533086,100,0
FvnGZ1tN8SXhpdmKjFopCyiK95PbMLVyZ5eioCVRrAqf,1439517.0652426283,155,0
FwczjPyxXCtURpRktNbaMG1zN6q7Br31EshWx9aUKFj9,1857441.3745066172,200,0
G2yr2A5RHsiNFd5cqH4kHhS5N8kCewQQqaqyFHyyD4AG,928720.6872533086,100,0
G6Z22k51N2RsbpSFRiPZrS4dJJ4XhjmyvU7xLLuL91Vh,1903877.4088692826,205,0
G7NYXiQxq1cPqE1uTWEPW9BKd1yzzzabzVpCTz6FU2k9,1903877.4088692826,205,0
G9SvxD4G4nkRmGY4XvJAGKVUGH3qcgrYmWfrwSxu9gmZ,205,205,0
G9a8obd62QdENDk4X7ytZHfatGbJmE2wE9pVavhvvg1W,0,100,0
GBrmppUCwfy5Z38TSQdWSCJSHZTcPyqDLxZ3iCBiZGTi,928720.6872533086,100,0
GCTwMYoWHd7EB9sSXRg4wvH2y1Y3qkJK54uZ61hmcK1h,7550,7550,0
GDgMdZFyxdzdkUs7jU14zAbPaFFz7CrV59UAjWDJRmz,205,205,0
GG5rjByNBZ6fua6gny9gndc1XE4VbHoc83TZdkLgpEiX,1903877.4088692826,205,0
GGNGraGayXZz5hq9Uiozv1H9g837WiZT25AH7CLJuzq2,0,100,0
GGtZvJpDjz2k2Ld9FQzAyGvbBHcZanhGRbMhsDs163Sh,119531072.14163737,1905,107883614.1
GLFqBN7tb7TM6i7mzhPtngSPtezAWtZubykHkiCVnKYw,47596935.221732065,5125,0
GNpSd6Evo28VVTfjk69z75HZwKvSnfBnXmj9amepnXpr,928720.6872533086,100,0
GRA2Mi6dPZ7631eoyGsGggFNxoiHMC1qsBrbu8cZFDRb,1207336.893429301,130,0
GVpzmmuYeePNCXUFBQahYQGwgJdthKaM9KzedGjLi1bm,5827622.1,205,5827417.1
GXRw4h2aomLq1nQ7CQqHtaniptDaWCP9Go6jfVATRJaS,26505127.305033483,3605,4456871.9
Gco5XJrptjb4WtfUZUkSwFsDgF4297BTGdEjwjfNRRCo,0,100,0
GeG993YQZGZ39UsQ4saRRDWMHjYLZAkW57hhoeSwuhio,37486925,155,37486770
Gm4GL8PQ7NrYxP2d17U4zfN3Js4hC1Y99wVLFX2JEPpv,928720.6872533086,100,0
Gmw6ddiBkw7uZuRex7652XiZbWGSpp3KdV7yXPLw1yJE,2261074.488073628,355,0
GnMUK9A4h6pszYGSon2r6KUkVWgqvGrtgnVs7zxnuKAt,1857441.3745066172,200,0
GnqJo8mVQ7RhF1UAP5ThirVQFCEhVviSYuWUdiaJM5Zo,928720.6872533086,100,0
Gsz34C46JJeG3XdkhiGotoEbffPVXEN9859PLww9aHsC,928720.6872533086,100,0
Gu9uKSdpazpzXYyZNxvZpANewwc6QvqwEFsJZy7Xf4aB,0,100,0
GvsDGNDBQqqmCXzSP14uL7gDVDJLqE3CcjKEQqvHsQ8X,1105,1105,0
GxkXGe3YcqBdEgBrBh19X3wkLkgJXK2jA4k4nioW2Yg,120896215.46319944,2250,100000000
Gz7RqMR2Nxf2Wd3vE2wKvx3bpKtvTEk8xSCxsocd4Vyd,0,100,0
H3a1UXCKoYixAgRJvansqHnvxy29YVYBrmmRjDoU1oqB,928720.6872533086,100,0
H8DWKZTPnJHAEpt8ZuojS6x9xunyC9NGiuCFyvB9kpy5,0,100,0
HDnWq8Zfbtj5EdXmmRe7ofA6auDEnc4Nj9L8y6zT6PgU,0,100,0
HE1FFYoCEZH7paDriBdFKp9dX75BHaPxMRpFBLuLwbqA,20582547.307290457,845,12734857.5
HFGDHWgJ6429CKjLhTK9xU4qWmVGkbPSREGZFgPnWTvZ,928720.6872533086,100,0
HJwNk5Utv4cdHAU1zdnxmmQE59wZGbGzjPy7qxTk7JwU,1978528.1048295544,305,0
HKRqKyThsdGR4wTCbxadm84mRMRpowa63Qg3QvzqjKN2,2620549.8872533087,100,1691829.2
HL4iUFzjdmezsARVUosvns7cR7DY1wShjNVCU4MgiPio,928720.6872533086,100,0
HLmEmjJTiQUDrjwmoSxQKboKVoKdXASqtMttatu66mo3,928720.6872533086,100,0
HLuhctKMeZv38SSTbFX6A4ZQeh3dC3FdHnrwap6QM6Wr,1750471.9409644757,255,0
HMPkf4SdPu9qZVRxosKDnANJ64zKTTzfULmoTq67hQ6u,928720.6872533086,100,0
HPxkoFqfyrTcKSRiDHRS4H4MxFaBWoPDM2XLpNqHG7Nu,1200240.048009602,180,0
HQtN68sDjRTUFZtSLg7NJ76NDrUt2mTXRuck27YX9Lp9,36318733.20258589,5000,0
HRtWMMXpYJ9GmwdaNgFyMq5MeZ1NNktprEkP3DZT49Ka,1903877.4088692826,205,0
HUdvHMaYcMUcrNU8mS5RPEFNmzZNXhKdmXLsjZqQVNMy,9257372.61077316,700,2756327.8
HaC5fkEhFvPx3JetNzvoPB8G7HzV5jiTLzs5VtPcVfQH,1207336.893429301,130,0
Hbp9Vfqj9ShLtGrn7s6PtwiMiqMepJYHsJr8Dii7GZXK,0,100,0
Hei1wAkTJszDXPMw6pj9XLUEeeE2EGVaGpGWxdjpTuRk,2843661.1355895125,455,0
HkfQQP8v664fRjVuqFPPZ2nKevpRiHYiLR8mSiCFn7TU,2263236.7473143986,355,0
HnccbPPeUwMU6Kk1uHGaukgxUKb9XEbatAjCQPHHBdfs,1903877.4088692826,205,0
HqCAAj8rbnhCP2Tx6kb5Cvf6iZTjS8WPLqo8oqK4qrfe,2267573.6961451247,355,0
Hr1h88s9QJqUcyrL2RMEhc175HqZKVQ2S5MfcwwLKsf7,2263958.4196932497,355,0
Hrnb8ntM7oPL23ET6UaVAezRSBG659EzdFJYaKzLrreh,0,100,0
HuxNLqCLXQMnTrvfvKWUAhEuXczc7VX72WZdxhkyYLmR,2368237.7524959366,255,0
J2Efw92fNBzEPtLymsnq3wGLQpXDvHxsXAQMAPxfXEm8,928720.6872533086,100,0
J4WtW9VDwNVqtrEUqiJrcdTn5Ky96qGBiRgNWsWyjjDZ,1929708.0130334375,305,0
J5454ymdjz3K2HMFL46Bnra2tpW7TzzwR1HzV9QVrCTw,0,100,0
J6QzY8BfTyGcnEh56XLc784cu1FdLQTCp2gSGoMMag3L,1903877.4088692826,205,0
JBNh3HJyDzNqVHNuHuvXTFPpctunTSxRA7wuNMmRe5th,0,100,0
JDz5Xt2C31BJKWtcVGnoaKG3rkUSZoSpN3FButVVQFkd,2832598.0961225913,305,0
JQCdzkb9w6DEhG1jPqf1AVDLdGwRmyugMnxNxzBgNVk,242953808.86524263,155,241514291.8
KsBDKQh7L9UPSXQCzKZhGXN26DmDCihEatKV3CfSPUZ,1671697.2370559555,180,0
PTQZttMwF3W8MB454RGyFeCeZHzsuy86YEk2fQ5Bqji,25903239.011468045,2405,11002833.2
R6PjgN99QyCbJn4gcFwcNKrC3g5TCX24oLv8nCYLrDA,1857441.3745066172,200,0
SNauBkt5cc3e2Ym6yubk1FUmWTeqPowBbSZ4btw8Hi4,205,205,0
SxwWts7wHww7MoBGgJdbd5FDNwBM9oW3346tdDKJpsj,1937061.3826172557,305,0
Xzv3EGwXSiTeiAmGLHRPpWmA5wDTcWcHUSUZoHEPoF2,1903877.4088692826,205,0
YZwpyz5s5d5Wo8iYzn5sb1qBETDuRZDNRsYmFK43LE1,3018342.233573253,325,0
cSuDPuARfveX4D7EM4uMCkG5WJrsYdUsb2HTMjeFgBy,1903877.4088692826,205,0
e6TTTitY1TovMPjz4yg8MXBT4WhGHjANmZej3d9HTEX,1940759.123158665,305,0
j7YiW2LQjYWR6ghMKuz5EZSgZmZ4JTMJktqViMxmyuW,100000205,205,100000000
jr3BGJxbA4YqoERCdqR1fikddGtq9pUEmKvsao89q1e,5543474.931855073,905,0
kPxWMEaBe1sUzyiAAEFgM6hF7Xh6CFDwPTwQ5ryJ1ik,1903877.4088692826,205,0
nDCUnM8VntWEfLU1bagZu5hE6xXES6MmEtSDVT9yw63,0,100,0
oGzmhnfeA6bw5Qhjx7gZkUipEydfBX9p5rmo8WtN3Nu,928720.6872533086,100,0
s5bSqJumYBDhBzMTuaYo8ECcTNrkeBYR7s3j9xEvd8J,0,100,0
w5ux5tigKSFMduCAj9Q7yvZfsoAh9KURzSMxkcLE3wj,928720.6872533086,100,0
zdHcwUjevGjHiaUwEvoGVL3Eb1aEfN9nTnYa9qqH7CH,21094533.788165048,505,17920529.2